{
  "prepare_queue": {
    "installed": [],
    "uninstalled": []
  },
  "config_munge": {
    "files": {
      "res/xml/config.xml": {
        "parents": {
          "/*": [
            {
              "xml": "<feature name=\"Device\"><param name=\"android-package\" value=\"org.apache.cordova.device.Device\" /></feature>",
              "count": 1
            },
            {
              "xml": "<feature name=\"InAppBrowser\"><param name=\"android-package\" value=\"org.apache.cordova.inappbrowser.InAppBrowser\" /></feature>",
              "count": 1
            },
            {
              "xml": "<feature name=\"KakaoCordovaSDK\"><param name=\"android-package\" value=\"com.raccoondev85.plugin.kakao.KakaoCordovaSDK\" /></feature>",
              "count": 1
            },
            {
              "xml": "<access origin=\"https://*.kakao.com\" />",
              "count": 1
            },
            {
              "xml": "<access origin=\"https://*.kakao.co.kr\" />",
              "count": 1
            },
            {
              "xml": "<access origin=\"https://*.kakaocdn.net\" />",
              "count": 1
            },
            {
              "xml": "<feature name=\"Naver\"><param name=\"android-package\" value=\"io.ghyeok.cordova.naver.NaverPlugin\" /></feature>",
              "count": 1
            },
            {
              "xml": "<feature name=\"SplashScreen\"><param name=\"android-package\" value=\"org.apache.cordova.splashscreen.SplashScreen\" /><param name=\"onload\" value=\"true\" /></feature>",
              "count": 1
            },
            {
              "xml": "<feature name=\"StatusBar\"><param name=\"android-package\" value=\"org.apache.cordova.statusbar.StatusBar\" /><param name=\"onload\" value=\"true\" /></feature>",
              "count": 1
            },
            {
              "xml": "<feature name=\"Whitelist\"><param name=\"android-package\" value=\"org.apache.cordova.whitelist.WhitelistPlugin\" /><param name=\"onload\" value=\"true\" /></feature>",
              "count": 1
            },
            {
              "xml": "<feature name=\"SelectorCordovaPlugin\"><param name=\"android-package\" value=\"com.wellseek.cordova.SelectorCordovaPlugin\" /><param name=\"onload\" value=\"true\" /></feature>",
              "count": 1
            },
            {
              "xml": "<feature name=\"DatePickerPlugin\"><param name=\"android-package\" value=\"com.plugin.datepicker.DatePickerPlugin\" /></feature>",
              "count": 1
            }
          ]
        }
      },
      "config.xml": {
        "parents": {
          "/*": [
            {
              "xml": "<feature name=\"Keyboard\"><param name=\"android-package\" onload=\"true\" value=\"io.ionic.keyboard.IonicKeyboard\" /></feature>",
              "count": 1
            }
          ]
        }
      },
      "res/values/kakao_strings.xml": {
        "parents": {
          "/*": [
            {
              "xml": "<string name=\"kakao_app_key\">f14dbcbdec6fad16c3ede5c8db8ac451</string>",
              "count": 1
            },
            {
              "xml": "<string name=\"kakao_scheme\">kakaof14dbcbdec6fad16c3ede5c8db8ac451</string>",
              "count": 1
            },
            {
              "xml": "<string name=\"kakaolink_host\">kakaolink</string>",
              "count": 1
            }
          ]
        }
      },
      "AndroidManifest.xml": {
        "parents": {
          "/manifest": [
            {
              "xml": "<uses-permission android:name=\"android.permission.INTERNET\" />",
              "count": 1
            },
            {
              "xml": "<uses-permission android:name=\"android.permission.READ_EXTERNAL_STORAGE\" />",
              "count": 1
            }
          ],
          "application": [
            {
              "xml": "<meta-data android:name=\"com.kakao.sdk.AppKey\" android:value=\"@string/kakao_app_key\" />",
              "count": 1
            },
            {
              "xml": "<activity android:name=\"com.nhn.android.naverlogin.ui.OAuthLoginActivity\" android:theme=\"@android:style/Theme.Translucent.NoTitleBar\" />",
              "count": 1
            },
            {
              "xml": "<activity android:label=\"Naver OAuth2.0\" android:name=\"com.nhn.android.naverlogin.ui.OAuthLoginInAppBrowserActivity\" />",
              "count": 1
            }
          ],
          "application/activity": [
            {
              "xml": "<intent-filter><action android:name=\"android.intent.action.VIEW\" /><category android:name=\"android.intent.category.DEFAULT\" /><category android:name=\"android.intent.category.BROWSABLE\" /><data android:host=\"@string/kakaolink_host\" android:scheme=\"@string/kakao_scheme\" /></intent-filter>",
              "count": 1
            }
          ],
          "/*": [
            {
              "xml": "<uses-permission android:name=\"android.permission.ACCESS_NETWORK_STATE\" />",
              "count": 1
            }
          ]
        }
      },
      "res/values/naver.xml": {
        "parents": {
          "/*": [
            {
              "xml": "<string name=\"naver_client_id\">5fh9f1YadC_YsHXtf1vH</string>",
              "count": 1
            },
            {
              "xml": "<string name=\"naver_client_secret\">n19E5LNLiS</string>",
              "count": 1
            },
            {
              "xml": "<string name=\"naver_client_name\">couple</string>",
              "count": 1
            }
          ]
        }
      }
    }
  },
  "installed_plugins": {
    "cordova-plugin-device": {
      "PACKAGE_NAME": "io.ionic.calendarforcouple.myapplication"
    },
    "cordova-plugin-inappbrowser": {
      "PACKAGE_NAME": "io.ionic.calendarforcouple.myapplication"
    },
    "cordova-plugin-ionic-keyboard": {
      "PACKAGE_NAME": "io.ionic.calendarforcouple.myapplication"
    },
    "cordova-plugin-kakao-sdk": {
      "KAKAO_APP_KEY": "f14dbcbdec6fad16c3ede5c8db8ac451",
      "PACKAGE_NAME": "io.ionic.calendarforcouple.myapplication"
    },
    "cordova-plugin-naver": {
      "OAUTH_CLIENT_ID": "5fh9f1YadC_YsHXtf1vH",
      "OAUTH_CLIENT_SECRET": "n19E5LNLiS",
      "OAUTH_CLIENT_NAME": "couple",
      "PACKAGE_NAME": "io.ionic.calendarforcouple.myapplication"
    },
    "cordova-plugin-splashscreen": {
      "PACKAGE_NAME": "io.ionic.calendarforcouple.myapplication"
    },
    "cordova-plugin-statusbar": {
      "PACKAGE_NAME": "io.ionic.calendarforcouple.myapplication"
    },
    "cordova-plugin-whitelist": {
      "PACKAGE_NAME": "io.ionic.calendarforcouple.myapplication"
    },
    "cordova-wheel-selector-plugin": {
      "PACKAGE_NAME": "io.ionic.calendarforcouple.myapplication"
    },
    "cordova-plugin-datepicker": {
      "PACKAGE_NAME": "io.ionic.calendarforcouple.myapplication"
    }
  },
  "dependent_plugins": {},
  "modules": [
    {
      "id": "cordova-plugin-device.device",
      "file": "plugins/cordova-plugin-device/www/device.js",
      "pluginId": "cordova-plugin-device",
      "clobbers": [
        "device"
      ]
    },
    {
      "id": "cordova-plugin-inappbrowser.inappbrowser",
      "file": "plugins/cordova-plugin-inappbrowser/www/inappbrowser.js",
      "pluginId": "cordova-plugin-inappbrowser",
      "clobbers": [
        "cordova.InAppBrowser.open",
        "window.open"
      ]
    },
    {
      "id": "cordova-plugin-ionic-keyboard.keyboard",
      "file": "plugins/cordova-plugin-ionic-keyboard/www/android/keyboard.js",
      "pluginId": "cordova-plugin-ionic-keyboard",
      "clobbers": [
        "window.Keyboard"
      ]
    },
    {
      "id": "cordova-plugin-kakao-sdk.AuthConstant",
      "file": "plugins/cordova-plugin-kakao-sdk/www/AuthConstant.js",
      "pluginId": "cordova-plugin-kakao-sdk",
      "clobbers": [
        "AuthConstant"
      ]
    },
    {
      "id": "cordova-plugin-kakao-sdk.KakaoCordovaSDK",
      "file": "plugins/cordova-plugin-kakao-sdk/www/KakaoCordovaSDK.js",
      "pluginId": "cordova-plugin-kakao-sdk",
      "clobbers": [
        "KakaoCordovaSDK"
      ]
    },
    {
      "id": "cordova-plugin-naver.Naver",
      "file": "plugins/cordova-plugin-naver/www/naver-native.js",
      "pluginId": "cordova-plugin-naver",
      "clobbers": [
        "Naver"
      ]
    },
    {
      "id": "cordova-plugin-splashscreen.SplashScreen",
      "file": "plugins/cordova-plugin-splashscreen/www/splashscreen.js",
      "pluginId": "cordova-plugin-splashscreen",
      "clobbers": [
        "navigator.splashscreen"
      ]
    },
    {
      "id": "cordova-plugin-statusbar.statusbar",
      "file": "plugins/cordova-plugin-statusbar/www/statusbar.js",
      "pluginId": "cordova-plugin-statusbar",
      "clobbers": [
        "window.StatusBar"
      ]
    },
    {
      "id": "cordova-wheel-selector-plugin.plugin",
      "file": "plugins/cordova-wheel-selector-plugin/www/selectorplugin.js",
      "pluginId": "cordova-wheel-selector-plugin",
      "clobbers": [
        "SelectorCordovaPlugin"
      ],
      "runs": true
    },
    {
      "id": "cordova-plugin-datepicker.DatePicker",
      "file": "plugins/cordova-plugin-datepicker/www/android/DatePicker.js",
      "pluginId": "cordova-plugin-datepicker",
      "clobbers": [
        "datePicker"
      ]
    }
  ],
  "plugin_metadata": {
    "cordova-plugin-device": "2.0.2",
    "cordova-plugin-inappbrowser": "3.0.0",
    "cordova-plugin-ionic-keyboard": "2.1.3",
    "cordova-plugin-kakao-sdk": "3.0.0",
    "cordova-plugin-naver": "1.0.0",
    "cordova-plugin-splashscreen": "5.0.2",
    "cordova-plugin-statusbar": "2.4.2",
    "cordova-plugin-whitelist": "1.3.3",
    "cordova-wheel-selector-plugin": "1.0.0",
    "cordova-plugin-datepicker": "0.9.3"
  }
}